Name,Last name,Time,Latitude,Length
Mychal,Housiaux,10:28 PM,27.518353,16.237173
Helaina,Carff,8:42 AM,15.9535593,32.454801
Danie,Blackster,10:39 PM,24.9372186,-21.8022635
Carlynn,Kerbler,10:44 AM,37.7816743,41.1768699
Dirk,Poluzzi,11:02 AM,-20.9400441,-6.858925
Blondie,Endricci,10:06 PM,53.204218,58.3669548
Jana,Antushev,1:59 AM,36.0699425,-22.8590499
Carly,Mushawe,12:55 PM,58.5469521,-31.4353687
Shep,Attack,8:31 PM,41.451118,-2.5252502
Dusty,Gill,7:04 AM,25.6765837,32.463219
Romeo,Haps,2:02 AM,53.1675674,-6.1169676
Jennie,Sidnall,4:43 PM,-10.5732996,-6.6111441
Buiron,Biaggi,4:33 AM,22.285839,14.9269532
Dolly,Colebrook,12:52 AM,18.6967739,20.4314732
Zilvia,Gillitt,8:13 PM,26.12715,17.9453521
Bonita,Huncoot,11:15 AM,34.542308,46.814102
Quintus,Call,11:53 PM,45.5701534,55.6152783
Annmarie,Braycotton,6:47 AM,-39.6241126,10.5922194
Guido,Riping,7:31 PM,30.3659761,48.6463593
Astrid,Jiggen,8:59 PM,5.8643369,-7.0795248
Terese,Chatenet,3:58 PM,44.4,23.15998
Morlee,Junkison,9:17 PM,4.3809566,51.4238758
Sanson,Harlowe,9:37 AM,31.203196,3.2873127
Conny,Kneesha,1:29 AM,40.611078,48.911035
Barrie,Cahn,9:54 PM,16.15523,-30.1180899
Mackenzie,Bourrel,7:26 AM,8.7603327,32.8718172
Eustacia,McKendo,2:17 PM,51.9653089,39.7715895
Noellyn,Summerlie,1:43 AM,-7.1569,38.682014
Laurie,Soltan,12:19 PM,-7.5861751,32.060497
Nels,Futter,2:31 PM,47.9318074,31.875572
Una,Shinner,8:23 AM,51.8253953,42.6995493
Moina,Calverley,12:57 PM,28.2281301,45.129308
Mindy,Weber,11:39 PM,14.4693883,33.347316
Harlan,Shimmin,7:10 AM,49.6220895,28.80901
Ignatius,Besnardeau,10:18 PM,57.8282585,35.4731712
Virgie,Denkin,3:06 AM,9.0968746,17.4792157
Bonnee,Marrow,6:37 AM,39.726929,-19.5803242
Francklyn,Marmion,2:18 AM,52.5433958,14.1005099
Emogene,Goodbody,9:34 AM,59.2527176,43.2916776
Taylor,Winnett,8:02 AM,35.6905313,-15.4601506
Giselbert,Stanlack,7:55 PM,47.198811,44.8671415
Edith,Hebron,6:01 PM,50.398362,29.7444645
Norry,Petyakov,4:20 PM,49.6617919,20.7887571
Abie,Ferry,4:48 PM,-28.2674857,-43.2659531
Elonore,Camp,12:32 AM,43.69694,-9.5950796
Innis,Borland,4:40 PM,48.2660539,-8.3225345
Nicol,Coatts,10:26 AM,14.6062786,-21.8421051
Catriona,Sandeford,3:57 AM,9.2573324,38.4687834
Doralyn,Ravillas,3:19 AM,-7.2376196,31.2371338
Lemmy,MacCard,9:26 PM,23.4082065,51.9569286
Tann,Weed,3:08 PM,42.59689,44.4868448
Ashley,Cosgriff,9:30 AM,-6.2167736,49.2575136
Nola,Faircliffe,7:36 AM,-7.2030729,8.0088881
Tiertza,Arthur,3:26 AM,60.2653316,36.1100428
Kelcie,Gopsall,12:36 PM,15.0929667,37.7816743
Rolfe,Gronw,11:36 PM,49.4709886,38.9022136
Patrizio,Scarre,8:37 PM,-6.9391309,9.9368373
Hartley,Pitceathly,5:56 PM,25.6697865,12.530434
Lisetta,Lyles,1:10 PM,59.3639237,56.0660092
Chrissy,Deners,1:04 AM,-7.2157251,47.1900322
Anderea,Phlipon,4:48 PM,47.4494702,8.1402266
Cassaundra,Behn,5:12 AM,54.3110486,59.9000274
King,Espinal,8:11 AM,34.3296,59.5495402
Gleda,Mitchel,5:01 AM,33.1401715,27.983279
Chrissy,Frude,6:56 AM,40.062717,31.375657
Iggie,Leehane,8:14 PM,-1.783333,10.2600338
Arel,McCrohon,4:36 PM,22.180668,8.116779
Jan,Jados,6:27 AM,-24.383333,50.0296342
Normy,Gutowski,11:24 PM,48.5851876,-14.72796
Retha,Jiru,2:34 AM,-22.2454935,41.4174956
Benedicto,Cairns,10:58 AM,14.2712301,13.7405282
Dara,Thibodeaux,4:47 AM,27.7172453,49.6000083
Orlando,Hedworth,8:57 PM,12.3522003,-28.6903818
Clarey,Dripp,1:23 AM,36.71041,-16.5625267
Wallache,Varney,4:11 PM,33.4644365,31.768319
Karon,Webberley,2:58 AM,-6.0924606,32.029558
Josey,Summergill,6:56 AM,-34.6492768,38.7226348
Jania,Glanvill,9:23 PM,40.3519909,-20.488399
Eb,Bunclark,8:21 PM,40.039342,44.1440673
Annelise,Manketell,6:24 AM,13.5924758,41.3402313
Elie,Giovannazzi,6:10 AM,34.319658,-8.2614583
Jillana,Faveryear,1:17 PM,32.032726,-39.6415998
Gavan,Jansey,12:54 PM,-10.170262,-10.6872332
Gui,Garret,7:40 PM,-19.0195852,50.109938
Carma,Sacker,11:39 AM,-10.1573402,59.0897572
Blinni,Polleye,10:17 AM,-25.3461531,26.753593
Kaja,Pitson,9:10 AM,38.7797038,38.4968282
Flinn,Potkins,9:03 PM,32.2746515,35.069045
Maud,Cordet,9:18 AM,46.6974533,55.985
Isa,Langabeer,8:36 AM,-6.761747,35.563819
Avis,McMurdo,3:16 AM,22.280436,-6.6970726
Sydel,Sweeting,4:43 AM,31.558356,28.880153
Adler,Rohlfs,8:22 AM,14.6925451,-8.1807254
Merrill,Hitchens,8:41 AM,20.690696,30.9882241
Jorge,Piddle,8:28 AM,50.9249111,0.556948
Olivie,Barby,9:57 PM,30.823054,53.9215606
Remus,Yoseloff,6:27 AM,35.6891975,50.168307
Tiffany,Caple,9:10 AM,17.1056791,50.0105928
Tuesday,Simion,3:48 AM,50.4252048,51.1373971
Melba,Caldera,4:16 AM,13.9483457,49.3420066
Stevana,Hounihan,3:47 PM,63.8737727,49.9365011
Yancey,Di Claudio,11:11 AM,39.5240063,52.8208769
Briano,Moulton,5:31 PM,-20.9096549,16.0125041
Koren,Tollerfield,1:58 AM,-6.6026644,52.958936
Hercule,Port,4:29 PM,-34.2899021,15.1766973
Florencia,Chorlton,12:50 AM,49.681594,37.2516991
Axel,Karlsson,12:33 PM,45.2075889,42.0160888
Bone,Lamas,3:03 PM,-34.4786447,53.996769
Simone,Banister,9:32 AM,30.9252192,33.868434
Sancho,Grocutt,5:17 PM,40.0820173,32.109371
Dasi,Leupold,1:21 PM,28.424415,55.7727774
Cori,Ellison,1:46 AM,16.2588381,-12.034087
Herc,Sumption,1:30 AM,12.4544798,28.3683182
Calypso,Mapam,12:12 AM,16.1218015,22.358169
Margit,McHarry,3:55 AM,34.6372754,44.8722614
Loni,Boulter,5:55 PM,-13.838889,-7.2694279
Hildagard,Asbury,2:23 PM,24.63827,39.263105
Rudiger,McIlwrath,3:22 PM,31.029897,35.62231
Stephannie,Kramer,4:47 PM,33.8761249,27.318852
Silvan,Giocannoni,7:59 PM,-8.7833,28.8228403
Leda,Surmeir,5:58 AM,48.1221425,50.98317
Tomkin,Outridge,3:16 AM,27.69965,50.0326661
Cortie,Joutapaitis,8:32 AM,29.741986,10.8847156
Carin,Mounch,4:46 AM,14.547741,40.951501
Lindy,Hrihorovich,9:33 PM,-20.6,37.5957943
Creight,Goodale,5:20 PM,52.00577,36.2389448
Dean,Branney,2:51 PM,51.7419091,3.2093353
Batholomew,McBlain,8:20 AM,14.9326574,-26.095133
Michal,Karlqvist,11:07 PM,-41.4332215,14.5659717
Shirl,Nyles,1:58 AM,38.3212968,22.672099
Beulah,Gueinn,11:07 AM,30.63166,28.312001
Gawen,Ambrosio,11:28 AM,41.9623047,33.9899791
Mable,Terron,7:13 AM,7.5521655,46.718237
Laverna,Trout,6:45 PM,38.0324108,45.0575208
Sadie,Izac,6:50 AM,-7.6492089,43.1697579
Westleigh,Spoerl,2:17 PM,6.9149319,46.85628
Yuri,Wetherhead,4:12 AM,47.3774041,18.1436128
Menard,Vasic,3:58 PM,-31.3964785,31.2324264
Maurizia,Kydde,2:11 PM,-7.3697672,-31.5720128
Brinna,Barca,6:50 AM,2.967008,-7.2489098
Pennie,Rudd,4:01 AM,-20.893334,26.05045
Annie,Murrill,4:27 AM,31.77,37.3551423
Tobiah,MacGragh,2:16 PM,3.9878168,10.425
Jessa,Plaster,8:38 AM,67.3340943,41.4066243
Cedric,Jarret,5:56 AM,8.579016,15.9074577
Kendricks,McReynolds,8:21 AM,18.0226967,32.623453
Joshia,Skerman,7:10 AM,21.1062206,54.2866841
Mab,Hendricks,2:55 PM,4.398278,55.6842625
Claire,Cowoppe,12:46 PM,15.9535593,-20.3321939
Zaria,Gaskall,1:19 AM,-27.950568,14.563178
Pearle,Nasey,7:07 AM,27.208609,58.4405927
Vicky,Eliaz,4:46 PM,38.35,40.5336661
Ethyl,Cattrall,12:22 AM,41.3269373,48.97974
Ruthe,Parry,4:21 AM,-11.72447,35.0880511
Nelle,Bartlomieczak,5:02 AM,-10.539,37.070834
Camille,Schermick,8:04 AM,52.2051033,9.8318931
Joella,Geist,6:14 PM,40.8246053,14.7342524
Dawn,Lerwill,9:01 AM,37.1228583,-3.6964444
Michel,Studart,1:18 PM,29.183761,7.05
Ludwig,Santoro,4:45 PM,47.317308,48.418023
Donall,Danielsen,6:18 PM,38.4112661,37.2425649
Rodrigo,Showl,4:06 PM,23.4024253,39.07472
Osmond,Boulter,5:42 PM,30.134451,38.94
Egbert,Willsmore,11:15 AM,29.652491,43.862902
Rowen,Hintze,5:48 AM,13.939297,26.489558
Tyler,Kluge,11:39 PM,-5.7,22.285839
Luce,Gusticke,5:12 PM,50.3171905,14.9446785
Brunhilda,Eefting,1:17 PM,42.1261418,49.9354529
Dwight,Fairn,9:42 PM,13.3023013,50.085781
Lek,Czajkowska,8:40 AM,-6.7654881,-2.631564
Fanya,Carillo,3:13 PM,-7.6044869,-7.347756
Haydon,Balazin,8:54 PM,36.618719,14.5458392
Cassandra,Dilland,7:07 AM,42.5246357,2.3354966
Hobard,Quilleash,4:43 AM,41.3410168,45.768045
Shae,Maddern,11:03 PM,42.4573467,-25.7792984
Edita,Scripture,11:35 AM,8.2260557,57.8567021
Emlynn,Dennert,8:33 AM,29.895386,32.1049147
Luciana,Kobierzycki,7:40 PM,45.8060242,27.855928
Ashlie,Perrie,12:39 AM,38.2509637,18.4
Merrily,Ridewood,7:24 AM,29.8572576,4.1191962
Kaine,Sandbrook,12:24 AM,-6.6939179,-7.3559
Kinnie,Ramplee,2:41 AM,-6.10819,54.7599431
Abdul,Lagden,9:43 AM,35.5037598,4.449797
Cherry,Peppard,7:06 PM,40.628952,-15.6835726
Randie,Mighele,11:03 AM,56.3615314,41.4741215
Silvester,Eggleston,2:25 PM,-36.9120178,17.0932938
Kennan,Catherall,10:49 PM,25.648962,44.1440673
Andrey,Steels,6:27 AM,14.5302201,28.8876615
Worthy,Brosoli,9:17 AM,18.2901598,26.319938
Kalvin,Cavendish,10:34 PM,52.6424878,8.99214
Webster,Tinkler,2:11 AM,35.202503,51.8321777
Adara,Thynne,6:37 AM,10.779348,41.1588991
Launce,Mortell,11:39 AM,34.67719,46.635417
Marion,Mobberley,3:33 AM,-13.3023564,56.3615314
Demetria,Giercke,12:33 AM,60.4232195,35.3939908
Prudi,Baggot,8:44 AM,31.137732,10.8847156
Celinka,Paty,10:01 AM,-32.9413658,5.4459387
Annnora,Fahy,6:43 PM,52.1058991,49.7647258
Matthew,Siggins,8:01 PM,19.09535,42.654146
Katrine,Moizer,12:45 PM,31.887402,47.0203207
Anstice,Webber,9:30 AM,48.1251024,-4.5456848
Chadwick,Skeats,3:13 PM,-19.5097867,55.3851413
Melesa,Muffen,11:08 PM,49.6046109,13.6855601
Daisie,Quinnell,1:28 PM,50.2650642,38.569555
Renata,Ganiclef,7:16 AM,49.20303,-6.9569954
Ellen,Eldershaw,5:42 PM,47.7787755,59.2442754
Inez,Broseman,3:27 AM,34.810487,13.5066291
Stanley,Camplejohn,12:05 PM,57.7576914,-7.0453363
Di,Martinat,7:27 PM,30.677233,31.017497
Rosamond,Divis,5:21 AM,13.559532,18.1145292
Lorie,Sherme,4:21 AM,38.947512,10.9357
Andria,de Clerc,12:15 AM,51.626324,12.2153659
Masha,Le Batteur,2:45 PM,-6.4931733,24.310713
Nara,Kermeen,7:34 AM,12.5450478,59.320622
Uri,Donn,6:56 PM,5.8192832,34.1009765
Kordula,Gruszczak,4:48 PM,-19.4085525,27.087637
Karlyn,Griffey,1:33 AM,26.244258,13.5570718
Josefina,Ceeley,5:29 PM,38.153853,36.761028
Genny,O'Mahoney,2:13 PM,41.6252602,38.777855
Stephenie,McGaughey,12:29 PM,14.6710601,31.2303904
Leanna,Garrould,6:52 PM,35.0965045,3.9878168
Garvy,McGragh,10:12 AM,54.6567593,31.050715
Xerxes,Beevor,12:22 AM,19.1922834,-10.1628
Gill,Swinyard,8:40 AM,-32.9867567,-25.2952784
Roley,Vinecombe,4:04 PM,48.6140715,11.2060173
Seymour,Mulrooney,1:38 PM,-22.5580993,-8.4629286
Tallie,Edes,11:14 PM,22.7918505,-8.2307484
Karola,Murrhaupt,7:15 AM,39.353118,49.4660029
Tedman,Doudney,12:11 AM,41.2947756,27.6873608
Eldon,Helliar,7:22 PM,21.4906113,25.941937
Patricio,Pellett,10:24 AM,32.9629396,59.4075977
Fionnula,Prendergast,2:04 AM,40.645924,55.6949907
Holmes,Tschursch,5:03 PM,43.56667,-26.1317252
Shara,Betchley,7:10 PM,34.973149,50.5904776
Pavel,Benbough,9:55 PM,15.5946381,46.0853803
Tiebout,Bramont,5:08 PM,-8.3488,-6.2074293
Enid,Pentercost,10:58 PM,-6.8903936,-16.6948713
Bradney,Backen,2:00 PM,53.1406245,48.887593
Maryjo,MacKessock,10:49 PM,36.075651,42.9862014
Laney,Weall,10:52 AM,55.1391321,44.2642895
Ricki,Maylour,2:28 PM,35.0880511,40.3821458
Aubry,Haddrill,11:34 PM,22.9221592,38.3080648
Marge,Seignior,11:10 AM,28.274601,40.9112418
Vernice,Bowring,10:04 AM,-7.9822189,39.0054084
Harli,Bediss,3:09 AM,8.9875064,22.463604
Russ,Dubose,6:00 PM,46.814102,-7.266667
Basile,Morratt,1:06 PM,14.9618641,43.804723
Harriette,Branston,10:24 AM,-7.2787651,-21.6110027
Jan,Meriguet,5:22 PM,53.10014,37.3218778
Ronny,Dragoe,7:14 AM,58.4633132,48.821908
Ashien,Wadly,3:36 PM,54.0473494,38.7865307
Tades,Stanett,11:37 PM,38.5633826,42.3553237
Angel,Falkner,11:40 PM,37.888248,29.852891
Homerus,Mintoft,6:12 AM,34.760249,51.5353894
Giustino,Rydings,8:35 PM,37.6410379,-12.753316
Terrance,Skechley,11:05 PM,14.3679657,41.4230192
Robby,Wace,9:20 PM,40.417358,27.3526033
Marielle,Van Daalen,12:40 PM,27.820674,5.465831
Read,Muncey,12:19 PM,39.749144,-7.7256069
Jeromy,De Hooge,10:48 PM,47.6022755,44.874
Lloyd,Thoresby,8:07 AM,45.2397599,31.105555
Ewan,Gallant,10:11 PM,48.652412,35.9928004
Ashton,Muris,3:17 AM,59.262542,46.8442339
Matt,Peek,2:21 PM,14.1811693,13.7501
Starr,Dimont,10:40 PM,47.7008606,41.3298054
Newton,Fedder,5:22 AM,-6.0189936,53.0801709
Beatrisa,Kield,4:29 AM,14.7641115,45.697904
Dane,Balaison,1:48 AM,-6.3045618,13.559532
Ninnette,Miliffe,6:47 AM,50.1110411,-8.3884
Matty,Kubicka,7:16 AM,11.9404192,-6.2836822
Barbra,Balcers,8:52 AM,13.7721417,27.888284
Wylie,Full,8:32 PM,48.7438842,25.423994
Tonya,Hebbs,11:56 PM,38.5731807,-7.1667
Cati,Leguay,1:19 AM,37.9904219,41.0991089
Janessa,Barrick,5:23 AM,-22.7106685,32.478018
Nanette,Spolton,2:01 PM,59.3551153,-2.8553432
Tiffy,Coomes,11:53 AM,-20.2555875,45.295075
Mahmud,Oley,11:00 PM,-7.3260543,49.031645
Kassandra,Dragon,3:02 AM,-38.7418721,-7.1332
Stephi,Spoure,8:59 PM,38.0324108,23.6237888
Dorice,Rudeforth,2:14 PM,27.9943858,45.0075322
Madlin,Earles,4:21 PM,1.2408277,46.814102
Ulrica,Crockford,7:01 AM,32.5741081,24.412155
Marga,Haddleston,6:24 AM,-7.0240978,45.2379183
Crystie,Haste,4:05 AM,38.46613,47.3591366
Harald,Kendred,9:08 PM,49.9467601,12.5200531
Parsifal,Traice,10:34 AM,-7.0112331,-6.9547303
Stormi,Simonaitis,7:48 AM,13.3323464,20.2218201
Dorella,Malcolm,12:00 PM,30.229314,28.46763
Deloria,Gilby,1:59 PM,25.748008,51.7480675
Deeanne,Atty,4:01 AM,59.4527156,29.859268
Sander,Siggins,1:42 AM,38.7188171,42.65
Antonie,Streather,10:11 AM,-6.944036,48.250574
Eula,Pettisall,1:58 AM,55.0123473,41.4564504
Karine,Kunc,7:47 AM,45.0566401,53.4431223
Purcell,Bailie,6:41 AM,48.4978938,31.361491
Brooke,Huster,3:04 PM,59.5245273,39.9996674
Korie,Inglesant,10:34 PM,23.0604451,54.9428925
Mellicent,Prazer,8:25 PM,-6.976504,38.9388075
Tamera,Ottewill,6:08 AM,56.7115456,50.6832156
Winna,Gillam,12:19 PM,6.4043217,48.7803815
Noel,Killoran,9:26 PM,-8.5056516,7.9187344
Stephan,Tredget,1:14 PM,29.4976934,-10.02569
Rozalie,Westall,7:34 AM,-22.2188934,-10.8731945
Rafaello,Shipton,1:16 AM,-10.6872332,51.9210929
Batholomew,Degoey,3:57 PM,26.732065,29.144064
Claribel,Dudenie,2:30 PM,47.4947984,14.5466721
Codi,Chatel,11:59 AM,49.6885534,25.387227
Dorey,Chrystie,6:23 PM,51.880525,61.1445749
Felizio,McKew,6:58 AM,28.225095,40.4287192
Wilmer,Robertet,6:09 PM,23.396201,18.9753413
Billye,Couldwell,2:55 AM,27.495255,50.3919
Sarena,Heyburn,9:38 PM,52.1173637,5.246361
Neile,Blandamere,7:54 AM,45.5260852,49.2531842
Vina,Slowcock,12:46 AM,48.6059152,35.7285765
Dorrie,Bonney,3:50 PM,22.625636,28.6909216
Lind,Guillerman,3:06 PM,37.9209684,51.7118861
Dionne,Glashby,7:39 AM,2.9479721,-6.9949
Rupert,Bruyns,3:21 PM,61.0031692,48.9318625
Beatriz,Bowmer,6:23 PM,31.627447,50.2620534
Zilvia,Eastup,10:54 AM,-16.2142869,35.62231
Fredericka,Label,3:46 AM,18.4812038,35.9469003
Yard,Sherme,3:02 PM,29.476705,60.1386576
Annabella,Tocher,8:13 PM,63.9825,51.3605659
Lynnette,Rotherforth,10:36 PM,30.081941,-9.9227086
Bree,Primarolo,7:58 PM,34.64921,-14.6554285
Llewellyn,Dalziell,9:52 PM,57.6653832,41.0640191
Tristan,Pattillo,7:00 AM,59.924735,45.1974486
Edwina,Baggallay,12:05 PM,17.9670882,-10.1774
Gun,Pennycord,12:47 AM,16.5284299,49.2575136
Vonny,Plaskett,4:20 PM,5.9368109,40.7419285
Shawna,Toombs,11:54 PM,43.916823,-8.605
Donavon,Putton,3:53 PM,30.2102442,30.608675
Woodie,Hamprecht,8:04 PM,-29.9629768,36.7821
Monica,Riordan,6:02 PM,44.3037425,47.0163969
Isidora,Ludye,7:44 PM,38.5904096,49.6597583
Ami,Mothersdale,4:26 AM,-16.3753091,9.6026645
Berkly,Lackeye,1:28 AM,14.5602233,-7.6044869
Vitoria,Peracco,5:11 AM,37.7688197,39.8437175
Carolyne,Jaukovic,2:21 AM,18.759886,47.772714
Abie,Bradford,4:39 PM,42.0269548,26.27436
Alia,Aizic,5:51 PM,40.7338864,-12.2848978
Manda,Joder,8:49 PM,11.66503,41.0378199
Rutledge,Crole,12:54 PM,30.20856,37.6156855
Marjory,Mateuszczyk,2:25 AM,29.7857853,36.289265
Hendrik,Brazil,11:26 PM,34.728584,60.1932037
Donovan,McMorland,9:54 AM,-8.12938,42.4643438
Cass,Sainz,7:22 AM,-7.1030309,37.235148
Janaye,Medhurst,2:09 PM,50.909807,-7.7285206
Maddie,Cranstoun,8:20 AM,31.8786249,19.6683311
Lucien,Bernardotti,7:03 AM,40.3853464,7.160227
Pris,Kenrat,10:19 PM,-8.3474,32.460037
Doe,Gopsill,6:52 PM,45.5483729,14.6014909
Ileane,Pinckney,11:49 PM,38.7433547,41.509666
Waylen,Benardeau,12:53 AM,-19.8073042,33.612843
Irving,Manby,3:33 AM,44.5043184,27.731514
Tobin,Pulham,5:03 PM,46.0523136,-32.9377962
Ingaberg,Stonier,2:40 AM,10.7006857,38.7638314
Gianna,McDougal,11:17 AM,43.8231125,52.182599
Sadella,Govier,1:49 PM,-8.7817434,58.695946
Ripley,Pettendrich,1:37 PM,50.5803842,32.17842
Cordi,Rudkin,2:57 PM,23.1351485,8.5263486
Flossie,Primett,7:11 AM,45.7236192,40.5317434
Garrard,Daggett,2:22 AM,39.609109,52.7489266
Isadore,Flux,8:50 AM,47.4540768,27.685255
Jodi,Corthes,7:57 PM,52.8517028,28.426184
Eryn,Penwarden,10:14 PM,38.6732759,22.2795961
Dorette,Inseal,11:18 PM,32.7757,41.7856407
Everard,Masse,2:37 AM,26.107704,-27.4249796
Ruthann,Kelsall,7:12 AM,49.5470892,41.103983
Dorthy,Waskett,11:58 PM,39.302809,37.8909637
Yovonnda,Schapero,1:38 AM,11.0991113,-6.4761564
Oriana,Torbeck,8:33 PM,21.2451953,10.6253016
Carri,McCroary,10:11 AM,13.9967823,-27.4887196
Loren,Molden,10:09 AM,51.4139633,32.809026
Sandye,Gaine of England,1:53 PM,13.5936457,45.7967858
Cleo,Lockhurst,3:07 AM,32.584328,48.6047256
Bernarr,Daud,9:47 PM,-4.9333,40.9862518
Conrad,Legonidec,9:30 PM,59.8419074,37.7451853
Lorie,Hardison,10:02 AM,-3.5451284,49.0285391
Janka,Ransome,1:44 AM,52.5175,57.6624125
Juieta,Busch,12:25 AM,14.5636407,31.8948117
Ginelle,Braycotton,2:50 PM,46.11923,39.9317949
Reed,MacGilrewy,8:49 AM,26.1301245,40.5740471
Henryetta,Albasini,4:19 AM,46.2686934,7.6834821
Aloise,Ciepluch,7:14 PM,12.5854531,7.0540231
Kendra,Kingswood,8:16 PM,49.6321945,53.2385231
Samaria,Zaple,8:05 PM,45.1838373,50.4273892
Lyda,Carlisi,8:41 PM,29.9588757,51.3842543
Ara,Apark,1:16 AM,22.7906701,32.388854
Dynah,Smitherham,9:28 AM,-34.8411832,-6.8416993
Concettina,Kinze,12:11 AM,49.0422777,13.1561057
Tammy,Linay,6:58 AM,49.6633939,43.591386
Sayre,Blaney,8:09 AM,38.8066577,31.161067
Stacey,Margaritelli,11:04 PM,37.6118995,-9.582
Fayina,Harner,2:44 AM,3.0100681,36.088005
Angelo,Brierly,6:20 PM,-0.7771138,7.4854917
Averill,Trathen,7:15 PM,-7.9637383,10.3834377
Nigel,Gwillyam,2:53 AM,45.5178224,36.9853085
Brockie,Streetfield,9:15 PM,53.3347847,51.4464511
Vivienne,Langdridge,8:20 PM,16.424148,-7.1916713
Concettina,Maffia,8:37 AM,35.872664,44.1675867
Ezechiel,Cozzi,7:29 PM,35.579427,40.9556823
Teddy,Metschke,5:35 AM,35.937102,29.820745
Sheilah,Matthai,4:27 AM,58.9637041,-8.2439594
Staffard,Lugden,3:12 PM,38.1307978,50.1359658
Elisha,Dawnay,7:20 AM,-21.8022635,13.369605
Bel,Arney,9:18 PM,50.4064969,40.9109489
Johnnie,Rabbage,4:17 AM,15.45417,44.8948219
Ulrike,Veale,12:26 AM,50.4936201,63.8191979
Arlena,Charnick,7:08 PM,24.884626,22.58405
Lezley,Wagerfield,10:27 AM,62.3658212,-7.938718
Melissa,Giacomuzzo,4:19 PM,48.3667546,3.6020791
Dona,Golightly,11:24 AM,59.9403761,48.2166359
Koressa,Lyes,4:53 AM,31.7338222,51.8846508
Annemarie,Doone,8:43 PM,51.1173534,-23.7047572
Amalita,Lindhe,4:16 PM,42.0070624,43.6943099
Thurstan,Bavage,5:45 AM,55.6885155,11.4752
Colin,Bromfield,2:03 PM,11.3421375,7.6395498
Cloe,Norwood,1:25 AM,5.0281872,46.0771644
Gavrielle,Stockney,1:38 PM,7.9045188,38.7080654
Kirstin,Atcheson,1:25 AM,6.0481918,38.8053198
Sallyanne,Sindle,3:17 PM,41.6704519,7.766667
Dierdre,Memory,5:36 AM,55.6771783,32.679852
Cybil,Bosden,1:44 PM,40.4339379,3.5775446
Kippy,Kemery,10:30 AM,20.3814569,-9.5663
Cooper,Ronisch,11:22 PM,46.3039325,35.23619
Fayre,Bundey,3:49 AM,40.4189904,14.648875
Benedick,Kilcullen,6:49 PM,7.1657856,-7.5816489
Meryl,Mahaffey,7:58 AM,15.93786,58.991981
Deanna,McCullough,4:55 AM,50.4674149,48.1214727
Lev,Lazare,1:21 AM,47.0419512,-2.1596406
Maegan,Realy,6:29 PM,34.414961,6.5346309
Laura,Gives,4:32 PM,5.5433492,37.5874845
Georgetta,Nunan,8:25 AM,47.02018,59.8664826
Dorette,Killshaw,1:36 PM,11.5012022,-8.536156
Novelia,Hoble,11:40 PM,34.058401,29.731101
Hope,Griggs,6:37 PM,42.56306,16.183349
Titus,Weatherall,1:07 AM,43.1162469,-6.9876
Magdalena,MacEveley,3:22 AM,38.636131,61.5003351
Tamar,Libbey,10:41 AM,58.9955511,53.455203
Colman,Aynscombe,10:03 PM,5.414515,48.0951271
Rollins,Rosencwaig,5:32 AM,-30.1180899,37.1691
Lanie,Gaukrodge,8:36 PM,41.027698,33.437877
Isabella,Littrick,5:05 AM,12.0545608,39.021046
Valery,Northcliffe,6:44 PM,26.463923,59.379366
Quint,Horsted,12:51 AM,43.65289,43.6410973
Clayborne,Eastcourt,12:22 PM,28.260141,50.1082363
Cthrine,Antrum,6:20 AM,41.07754,-32.4499018
Tremayne,Skillanders,10:07 AM,-7.7013097,59.207544
Anallise,Seabrook,11:10 PM,39.0890459,34.7299999
Verile,Ingerman,7:43 PM,53.3177535,32.2048631
Sonja,Southcoat,12:54 PM,43.32756,11.7129451
Marj,Durant,6:17 AM,38.1483676,33.3457623
Welch,Colqueran,4:33 PM,54.2681766,42.891255
Trever,Shedden,3:03 PM,36.284107,-8.2462635
Anett,Iacopo,1:10 PM,41.0108388,-7.0587981
Rosie,Trent,2:11 PM,-1.8053216,49.7713426
Bren,Barbera,3:57 PM,5.5156762,17.9611269
Had,Cotman,10:07 PM,14.5030429,3.8353843
Chickie,Penwell,6:17 PM,-12.1450486,-12.5477492
Annabal,Valerio,6:28 AM,50.1242949,41.76
Ludvig,Cropp,12:59 AM,45.90453,18.9313146
Rudolph,Cousins,4:16 PM,25.905283,21.857958
Wileen,Petrakov,9:39 PM,33.1837961,30.319558
Tate,Bertomieu,9:28 AM,51.598282,41.0751029
Camey,Tilberry,6:02 AM,-7.02476,28.319573
Barbey,Parlett,7:21 PM,44.2298189,40.215006
Benn,Sloss,5:04 AM,-7.5699505,37.6156855
Amanda,Solan,8:08 PM,40.91889,56.1531877
Adamo,Foley,6:10 PM,21.422245,45.271697
Obadias,Moncarr,3:42 PM,-2.9753131,40.1367469
Xymenes,Cyples,1:16 PM,15.5891445,-7.0695176
Aguie,Lamartine,12:28 AM,17.9757058,45.7022525
Trudey,Shortland,5:10 PM,27.3423771,45.1454871
Lin,Bestar,4:12 PM,53.016924,18.8406029
Jecho,Argue,1:00 AM,10.528943,-23.8714093
Hetty,Townsend,10:05 PM,37.8456119,55.2259313
Jennie,Sloan,1:35 AM,-0.2457577,15.3242623
Andre,Wyse,8:07 PM,27.123078,26.312444
Magdaia,Glassborow,6:04 PM,53.8044834,13.5924758
Matty,Fleckney,1:40 AM,19.2535103,45.41675
Charlie,Paddle,11:29 AM,28.786167,39.07
Rita,Stanyland,10:33 PM,-36.5951114,-6.3677078
Jackson,Spinige,6:50 AM,49.7575973,54.20802
Cherlyn,Lathwell,4:39 PM,55.7368049,31.211077
Tommie,Rocks,2:55 PM,49.4562624,-7.6272472
Brittani,Emmins,6:19 AM,54.9999653,-16.4510937
Sacha,Littell,8:34 PM,52.5094874,42.0807464
Iolande,Tombleson,8:51 AM,-13.0730531,50.1681621
Dixie,Tinston,4:01 AM,53.0131368,-2.9252
Madalena,Ferroni,12:13 PM,24.288578,23.902479
Bill,Kimpton,4:03 PM,49.7529886,-3.1703446
Devora,Rawlence,4:02 PM,34.620202,-6.080007
Pamelina,Creevy,10:49 PM,53.44972,39.672791
Lynde,Waddington,4:58 PM,13.7232155,52.8066236
Harriette,Yurocjhin,4:39 PM,14.6710601,53.2198089
Charyl,Redsall,7:35 PM,13.3649688,-27.1799941
Barri,Balassi,11:11 AM,54.7991023,25.864049
Doloritas,Spinks,6:16 AM,37.6086169,47.827308
Emelen,Leveritt,11:45 PM,54.589538,21.797019
Gannie,Surphliss,11:51 PM,-10.0519585,-6.9244162
Chet,Skylett,6:53 PM,-42.814251,41.2783338
Lock,Prigg,3:19 PM,55.6152783,48.8834605
Starr,Bucklan,12:06 AM,19.4386048,27.388611
Tybie,Staner,9:41 PM,-17.3697902,-6.8013457
Fionna,Szymonowicz,4:56 PM,31.273176,56.86018
Beryle,McGifford,6:43 AM,30.7717757,30.1631687
Mela,MacGaughey,2:23 AM,29.289648,57.7316019
Cornie,Pavelka,11:09 PM,30.976156,-23.1734868
Wilona,Muzzlewhite,12:32 PM,15.5450531,18.5382815
Kellyann,Kinsman,2:04 PM,5.7812306,39.989836
Glennie,Guisler,4:24 AM,17.2660394,53.36678
Stephie,Hoonahan,6:24 PM,4.9497479,43.5634394
Alvera,Donnachie,3:45 AM,54.3736161,13.7812944
Cindi,McComiskie,12:36 AM,53.9842593,32.78398
Uriel,Summons,9:56 AM,60.3599544,-7.2282295
Mellie,Brummell,10:05 PM,-4.9590869,-6.7618
Theodosia,Skene,7:33 PM,2.523477,34.0067522
Bartel,Oakton,1:47 AM,42.13333,35.99
Charin,Corley,7:58 AM,51.3842543,24.1933092
Lynsey,Olver,4:04 PM,6.2245859,50.5856582
Elita,Curl,3:31 PM,39.9320083,51.8010382
Tomasine,Ebbitt,8:55 PM,39.639844,-41.2913531
Nehemiah,Beeden,2:46 PM,10.132503,-42.814251
Renado,Blyde,1:08 PM,41.3730301,69.4086014
Kirbie,Peppard,12:16 AM,16.94472,14.31865
Jemima,Leslie,4:14 AM,51.725198,41.1082303
Lorettalorna,Benet,2:04 AM,-14.9061237,59.9047305
Wes,Pierucci,2:48 PM,-8.2197304,42.7590695
Rachel,Klaaasen,9:35 PM,11.5730131,41.6
Bird,Pettinger,8:25 AM,41.631471,14.5020933
Cynde,Mitford,1:38 PM,25.2527,48.1717603
Mill,McWilliam,8:00 AM,33.298364,48.1734633
Rina,Bonelle,9:59 PM,60.562013,47.2550409
Shepperd,Gilhespy,7:16 AM,37.730256,7.073684
Amalea,Daws,8:39 AM,26.6866896,-8.7698185
Elka,Schwandner,11:21 AM,12.8764967,45.1248093
Dodie,Maybury,3:12 PM,14.3407483,40.255866
Dionis,Finby,10:52 AM,48.7707356,32.331765
Jae,Stockman,6:42 AM,3.2572094,43.3765475
Laurena,Dunbabin,1:52 AM,22.7292345,23.36225
Hayley,Sarver,12:20 AM,27.85512,48.48333
Matthieu,Lepick,6:25 PM,-33.2307354,36.320344
Alyssa,Dunbar,6:16 PM,25.941937,-24.3965818
Idaline,Falck,7:13 PM,24.884626,44.0643415
Titus,Heliet,10:32 PM,41.1645867,47.59585
Desiree,Snel,12:23 PM,35.89917,-6.6710208
Jess,Jacobson,6:24 PM,43.8098167,45.0730425
Mort,Josephoff,11:30 AM,14.1899344,57.4749779
Salem,Hurche,5:34 PM,-8.4456045,50.7022235
Nico,Philson,8:01 PM,-5.8248093,35.30385
Shelley,Listone,8:36 PM,-6.2736138,27.8145109
Ricky,Spurgin,12:49 AM,-23.2860188,19.8084176
Willey,Fitzroy,4:37 PM,-8.2296365,5.1964397
Merrielle,Kale,11:16 AM,57.9104452,57.9870012
Lianna,Shapera,9:18 PM,33.30992,-7.0358264
Pauline,Quadrio,2:21 PM,49.41668,10.6135398
Darby,Baynard,6:51 PM,31.882062,-18.3181877
Lishe,Burren,9:40 AM,41.7811503,40.4287192
Aliza,Bladen,6:12 AM,21.4906113,35.416734
Nerty,Santos,4:36 PM,16.9165711,-7.0197713
Nickolas,Olkowicz,8:51 PM,38.2468667,54.1190657
Miriam,Mitchely,1:55 PM,55.9840531,10.2683199
Steffen,Marshman,10:44 PM,38.8943618,20.6213895
Kelci,Fairham,10:17 AM,-9.989961,51.444601
Guinna,Greggersen,7:39 PM,48.0976547,60.7905791
Siffre,McSperrin,1:30 AM,10.103645,29.820745
Dunn,Thelwll,9:19 PM,41.9797938,60.3955998
Jeramey,Kenford,12:14 AM,12.4985661,13.9448964
Michelle,Spanswick,12:20 PM,23.337683,15.399652
Becka,Jackalin,4:59 AM,14.5424287,11.7744786
Rance,Perle,12:26 AM,55.7443873,17.9333
Gayler,Rittmeyer,1:49 PM,-46.805871,41.2600949
Alverta,Aicken,4:13 PM,26.3448341,40.400611
Arlen,Lazer,8:30 PM,33.8941993,29.86098
Gardner,Heaven,1:11 AM,38.428549,-26.6707181
Penelope,Sympson,1:43 PM,27.456658,34.6756374
Daphene,Westley,9:44 PM,31.719806,42.896821
Kyle,Kinsley,7:53 AM,46.3491846,18.7756592
Jules,Farrent,5:03 PM,41.6985084,38.789257
Molli,Hudd,9:23 AM,25.867277,48.7764948
Therine,Shillingford,11:15 AM,40.4832736,41.5106099
Deedee,Button,5:23 PM,40.42639,-6.9633557
Kiersten,Duplan,12:17 AM,-6.633688,38.05106
Titos,Bukac,2:02 PM,-20.6984299,-23.216667
Dorine,Streeter,11:56 AM,29.129743,14.8725628
Natalee,Rustidge,9:28 PM,23.396201,-34.7061803
Herve,Shaxby,7:00 AM,-6.9013005,-34.7008122
Goldy,Linford,4:45 AM,57.6602926,-34.5434158
Kenny,Wilcockes,11:06 AM,8.529106,50.3095461
Petronilla,Fryers,11:34 AM,11.4326663,35.1307639
Mic,Wace,3:48 PM,38.2587716,54.4413138
Myrtia,Stuart,10:29 PM,31.6426016,-7.3468093
Lyn,Presslie,11:15 PM,47.349916,50.6091631
Myron,Martt,12:54 PM,-3.5508343,21.6818943
Anjela,Gifford,3:11 AM,-21.8315657,50.10186
Salvador,Testro,1:47 AM,6.984864,-7.2947788
Kelley,Brion,4:33 AM,30.2638032,51.756353
Bertram,Bagster,4:54 PM,41.714914,42.16964
Wallache,MacCurley,9:22 PM,63.9825,29.844107
Melony,Synder,3:20 AM,53.66583,-7.740099
Loria,Isham,3:00 AM,40.7871438,-6.9069547
Saxe,MacElharge,10:58 PM,31.6095648,20.8525711
Cory,Mathely,8:46 PM,12.4579462,45.3369621
Kerstin,Dowty,10:20 AM,22.80524,45.0577954
Osbourn,Elven,11:32 AM,-3.380978,57.063557
Craggy,Lafond,9:59 PM,-9.6635623,52.3626877
Caria,Gantlett,10:07 PM,-17.4776078,3.0100681
Pavia,Smallshaw,6:19 AM,9.8318931,-23.3516191
Allis,Burgwyn,5:50 AM,19.4805668,9.7911208
Annabela,Dibling,3:23 AM,32.9943312,-6.1891552
Creigh,Bauldrey,2:04 AM,57.6959194,51.820919
Iggy,Jukes,11:17 AM,56.6203091,51.9850245
Layney,Yalden,12:24 PM,61.0390194,51.56668
Man,Bridgland,12:11 PM,46.3583447,47.4047584
Ingamar,Casterton,7:41 PM,-12.9722184,43.5370504
Marlie,Iddens,6:32 AM,-7.2862937,-11.08224
Ivett,Govenlock,8:50 AM,44.1675867,-12.8272291
Yulma,Lutty,5:35 AM,36.9014978,-26.8039789
Fee,Absolom,5:15 AM,46.280897,2.7682671
Bartlet,Salliss,12:54 PM,-6.5415,7.5932558
Etienne,Lawton,5:32 AM,12.2387911,17.5045661
Saxe,Shout,7:19 AM,-6.5982796,50.5699572
Lyn,Crabtree,5:43 PM,38.5872939,31.050715
Roseline,Goncaves,2:17 AM,46.283972,49.2914367
Robena,Puller,1:31 AM,-6.9704825,38.632511
Daron,Rapps,10:23 AM,36.6755608,43.1162469
Viviyan,Whittenbury,11:05 AM,-18.1111446,59.7222934
Kandace,Ruseworth,10:11 PM,37.691429,59.25863
Tammie,Staples,10:35 AM,52.3618688,-8.2104974
Kerrill,Janota,12:03 PM,36.8634887,43.6445087
Cecelia,Cheley,2:04 AM,11.1856085,49.5416577
Johnath,Dunsford,7:24 PM,-1.259553,44.3660736
Teddy,Gallop,10:50 PM,8.955271,46.2286
Amie,Colledge,8:07 AM,35.62231,22.581293
Corny,Coslett,8:44 PM,49.5960692,34.9196569
Valenka,Greensides,9:37 AM,42.8867657,14.5792342
Kiersten,Bewick,3:40 AM,34.0375944,-7.9780918
Herculie,Herity,5:15 AM,37.6854422,47.3752386
Maurise,Dillingham,9:29 PM,28.998299,38.8145081
Shara,Utley,9:57 AM,-7.6832323,-8.4727553
Valentine,Niesing,3:30 AM,37.783205,39.8067
Rosamond,Triplet,12:50 PM,-16.6491362,47.4912362
Roch,Laurie,10:41 PM,24.716803,14.5909643
Raimondo,Lourens,7:20 AM,13.9734064,52.2680883
Wes,Wolfit,11:21 AM,35.7911456,49.6951686
Robenia,Garlant,4:12 PM,39.9179113,45.7718709
Far,Seal,7:59 AM,32.06672,-12.930823
Ariana,Tapton,11:10 PM,52.222516,-7.347756
Madelle,Chiddy,4:35 PM,-6.8787,48.9234517
Gavra,Albon,5:30 AM,6.9280156,57.9268439
Giustina,Heckner,1:09 AM,59.834171,-21.5320586
Jen,Spiaggia,7:28 PM,5.8294025,12.0718334
Dalston,Andrault,7:05 PM,-3.0181855,13.5215952
Dania,Hundell,7:44 PM,19.238934,31.17959
Concettina,Doeg,4:07 PM,10.3089871,26.82808
Zondra,Bortolini,5:36 AM,36.865827,31.275819
Kylynn,Bachmann,12:13 PM,21.0694762,28.348841
Jewell,Riggulsford,4:26 AM,-22.7428673,41.000673
Ellary,Edgley,12:22 PM,32.7674911,41.9924293
Carita,Dewerson,1:34 AM,15.9872056,29.696195
Delmar,Whitely,10:42 AM,34.26645,10.3765284
Elke,Manuel,9:05 AM,24.488342,36.733165
Nickolai,Standley,11:07 AM,50.2582813,7.1854773
Marcille,Sindle,8:39 PM,36.9746168,14.7328144
Deck,Angear,4:41 PM,38.0972383,43.3222143
Beaufort,Breznovic,3:25 PM,-23.2652376,-6.2324516
Charlotta,Dolohunty,2:28 PM,39.163627,60.26808
Ryann,Keohane,9:18 PM,13.7583256,14.6100657
Gretta,Skellern,12:54 AM,59.454973,32.7295749
Lois,Glader,10:21 AM,46.3919813,49.5902725
Doralynn,Cestard,1:52 AM,37.5574184,46.3141609
Quinn,Besse,10:01 AM,24.916988,5.634202
Tami,Hubberstey,3:55 AM,22.974898,-13.2513786
Quentin,Ingarfield,5:53 PM,-10.1429097,54.0718079
Aurie,Faint,1:12 PM,-23.6742228,-7.6977621
Fredrika,McFall,2:03 AM,39.419036,11.0606917
Celeste,Ivashnikov,4:41 AM,9.9578348,11.4820004
Della,Richardeau,10:13 AM,11.3232042,28.151803
Sutton,Canlin,11:57 PM,7.7085722,30.167585
Konstantine,Carlton,12:31 AM,11.183333,38.173303
Gage,Couser,9:51 AM,-20.2114344,52.1334874
Daryle,Brooksby,11:48 PM,36.494677,40.7038704
Vanna,Sessions,10:16 AM,-6.2167736,-8.0030419
Melicent,Ricold,5:15 PM,56.3825759,56.6622664
Ephrem,Kinsella,4:54 AM,35.529096,52.307093
Charil,Caird,11:58 AM,4.974252,-22.384597
Maxi,Leadstone,11:38 PM,47.0171563,31.2367474
Lucinda,Ridett,7:07 PM,53.9858812,-33.5020548
Yoko,Joannic,12:20 AM,40.7003439,45.508348
Dulcea,Quickenden,4:57 PM,58.4922889,11.3269147
Archaimbaud,Mollitt,6:43 AM,14.4833291,-6.1574525
Pepillo,Andrin,7:46 PM,38.238247,58.9015864
Justinian,Blackster,10:26 PM,5.9691815,55.0375016
Gaye,Gouge,5:15 PM,20.8449115,47.6651939
Roberto,Condell,4:58 PM,46.1236303,-34.7611766
Calley,Dusey,4:44 AM,7.5617699,-7.4694177
Jennilee,Mansford,12:51 AM,45.1141124,-9.0972502
Nicky,Hallagan,7:56 AM,57.8007033,52.8388233
Shurlocke,Tysall,12:28 PM,41.7555687,-0.8922447
Maximilian,Durtnal,4:51 PM,24.771797,31.975951
Camille,Lester,2:29 AM,39.4883941,35.5267333
Ingaborg,Scragg,11:04 PM,-27.9715033,46.3903028
Avie,Tritton,7:49 PM,59.2527176,-20.6286479
Errick,Plitz,4:31 PM,56.2674828,23.0981075
Mylo,Malenoir,3:18 AM,12.6703542,28.8837687
Gamaliel,Trevillion,4:56 PM,-5.5680317,40.727504
Dallas,Manterfield,4:34 AM,-25.8681839,60.869764
Serge,Swateridge,3:25 PM,20.8965838,-8.1611036
Andromache,Arendt,2:39 PM,5.19669,8.7009282
Erina,Irvine,5:53 AM,28.830236,13.5313606
Wyatt,Bigham,8:44 PM,14.9712895,-16.5039502
Marni,Brogioni,6:47 PM,-25.6684553,-22.573256
Oralia,Trinkwon,7:24 AM,57.779388,32.86268
Lesley,Scading,2:22 AM,45.416456,51.3268314
Barron,Betham,11:50 AM,51.5902809,42.0480121
Bran,Macguire,8:05 AM,30.9162065,51.6857586
Ebeneser,Parsley,3:11 PM,-11.8930858,60.134938
Claire,Pratley,9:59 AM,27.867125,34.3552212
Tamera,Walisiak,4:23 AM,-16.6481974,-7.0392183
Dosi,Thebeau,12:22 AM,30.511343,7.4804449
Loni,Physic,3:05 AM,-6.5115909,-8.5083726
Diahann,Dimond,8:14 AM,19.307033,58.2084997
Gifford,Lashmore,4:25 AM,59.3763019,45.635251
Valerye,Karpov,3:41 AM,-17.2333329,31.029897
Heall,Romushkin,6:50 AM,49.7821352,41.3191581
Jameson,McKeggie,7:50 AM,50.3100516,51.1134675
Nickola,Archbould,1:13 PM,-8.084623,-7.5201771
Clarey,Dey,10:16 AM,1.3887283,48.75018
Cynthie,Cutford,9:49 PM,42.3745311,-6.9174639
Cyril,Greenrod,3:02 PM,44.3665543,6.885648
Paul,Kos,7:28 AM,0.9996757,42.4572478
Job,Pittock,2:34 PM,0.8231171,47.2550409
Stan,Lacelett,3:36 AM,11.804149,-6.3347209
Corilla,Petzold,8:28 PM,25.797931,39.480497
Heindrick,Roughan,8:06 AM,-38.7239099,43.8903154
Valerye,Catenot,12:50 PM,15.5356992,32.78
Vinni,Zanettini,3:01 PM,-8.5895217,-34.9253441
Bernice,Haslegrave,5:45 PM,41.5044882,50.350705
Chelsae,Jobke,6:54 AM,41.4655177,-39.4886902
Andris,Laver,3:43 AM,13.7829673,6.6101493
Vasilis,Dudenie,8:59 AM,16.5284299,15.1786657
Vivi,Gouth,6:49 PM,38.5301118,47.5015067
Stanton,Meo,4:13 PM,28.362805,11.7072355
Shalom,Erricker,6:38 PM,40.1556743,68.7986342
Cleo,Scanes,9:57 AM,-8.4985,45.9891389
Nelie,Swanger,6:16 AM,22.2866176,-25.0225309
Meridel,Wigelsworth,8:10 PM,38.03,-6.6312766
Wenona,Dewdeny,8:18 AM,34.9136229,50.2997788
Giovanna,Queripel,7:53 AM,-6.9895044,-20.9306687
Edlin,Haskayne,3:33 AM,47.8024242,13.1191133
Geordie,Ferrandez,2:13 PM,37.9578061,13.974293
Belvia,Gostling,8:37 AM,9.5403936,-3.7924795
Sharlene,Chaucer,11:53 AM,8.508983,13.7823265
Courtney,Greeves,1:49 AM,64.3018789,30.592849
Tobias,Ruby,3:56 PM,47.758214,-2.389643
Gil,Golds,10:04 AM,-36.1406484,-8.2205756
Peria,Pattisson,7:29 AM,51.50008,34.727798
Marcellina,Balderston,3:17 AM,6.4482939,29.14583
Callida,Iddon,8:28 AM,10.018056,51.5195303
Gypsy,Shemilt,11:42 PM,-7.3174629,-2.6810841
Nona,Ravenscroft,5:58 PM,-6.7348499,11.4820004
Uriah,Cheesley,1:38 AM,48.1944728,35.6478877
Jereme,Beavors,9:08 AM,9.8586845,16.0641802
Shanie,Dreus,10:15 PM,-6.2200719,44.1675867
Granny,Valencia,3:39 AM,-7.0186412,14.3254
Pascale,Angric,12:40 PM,27.603696,38.651124
Lil,Drinkel,1:05 PM,14.6004472,4.2784597
Kirbie,Meier,5:45 AM,17.9453521,-16.5030467
Clementius,Spoerl,12:40 AM,26.12715,39.029567
Allison,Huffa,3:03 AM,57.1928469,29.037007
Romain,Twelvetrees,11:54 AM,-8.759734,52.1513886
Arri,Bamblett,7:09 PM,20.7019477,52.5055101
Rip,Downs,10:39 PM,38.9426594,37.520481
Alisha,Braidon,10:59 PM,50.8563,-17.80257
Ali,Littefair,1:41 AM,6.6930902,42.3155073
Lenora,Fedder,4:47 AM,43.6151225,23.696329
Xylina,Pamphilon,4:32 AM,19.6089189,-2.569886
Dominic,Jeandel,1:16 AM,30.235005,12.9707642
Valerie,Insley,5:21 PM,39.944315,23.259479
Donni,Veare,10:25 PM,-8.8816,22.44668
Giralda,Gauthorpp,2:28 PM,63.4400274,-17.48333
Federico,Franke,5:05 PM,16.2107446,48.99534
Lainey,Taks,4:27 PM,8.3793172,43.438342
Yolande,Cossell,9:31 AM,0.22216,17.686931
Josefina,Deware,10:16 PM,40.3106587,60.335657
Dionis,Fiddian,7:29 PM,52.36389,-7.3175297
Sande,Kock,5:42 AM,34.423878,49.4663065
Jerri,Kleeborn,9:32 PM,28.338821,23.9211737
Horacio,Semaine,8:38 AM,53.3417941,51.7059957
Jonis,Lowndsbrough,5:02 PM,47.3752386,43.5251666
Cecil,Flade,2:13 AM,43.4604716,51.8910459
Jeanna,Beefon,10:36 AM,-8.2334215,-8.152161
Eachelle,Fuxman,11:27 AM,39.2380562,13.7246078
Gardiner,Treffry,4:18 PM,33.7356633,17.7409147
Bail,Ashington,6:30 AM,33.4484729,-40.8114375
Jamal,Ragat,11:03 PM,24.629264,14.413539
Allayne,Haslock(e),7:56 PM,27.8469,43.7543283
Hermie,Masic,5:16 AM,43.0926393,29.289648
Melony,Wittering,2:28 AM,31.2028365,49.5792067
Lonnard,Robard,11:20 AM,-18.3181877,-6.8909727
Rozalin,Longland,12:54 AM,11.446769,59.2992508
Aharon,Leyzell,5:29 AM,-8.5514,54.4
Boniface,Iveagh,11:35 AM,55.9129296,40.0058478
Laurianne,Mugg,4:40 PM,52.0404797,43.372464
Arlee,Collman,10:02 PM,43.2038704,2.449478
Chevalier,Mathiasen,3:46 PM,15.226768,39.3547141
Austen,Gouly,6:54 PM,-34.990888,-6.9460598
Lorrin,Marsden,6:43 PM,42.76618,49.7762204
Gregorio,Saing,12:41 PM,52.85768,-17.5227749
Adey,Ardron,6:33 PM,35.0970715,30.03312
Hastings,Whittle,7:47 AM,41.91142,46.6086054
Kevon,Hummerston,2:06 AM,38.9322221,39.0327543
Hamid,Dibner,8:04 AM,11.924,31.5319623
Coleman,Trueman,11:04 AM,27.23895,57.2900329
Aline,McNiven,7:25 AM,39.4305733,31.074834
Bruno,Lukes,2:52 AM,49.4136066,-34.7235134
Cesaro,Blythe,2:10 AM,54.9295907,29.202542
Claiborn,Van Arsdale,4:27 PM,40.9676726,50.3539017
Rodd,Rutherforth,12:54 PM,55.1613358,51.4938767
Lurlene,Kealy,5:45 AM,37.7404063,53.7636896
Linnell,Blaver,8:13 AM,43.1227567,25.1629584
Reinhard,Frackiewicz,5:33 AM,-7.0425557,-32.5711982
Josefa,Tavinor,11:57 AM,48.4057628,57.2588115
Alleen,Lowsely,5:33 AM,-9.5463283,-7.4250762
Leia,Deason,11:17 AM,52.67226,6.6148458
Ulises,Cantillon,7:22 AM,5.7812306,16.2676129
Letta,Willas,9:00 AM,51.6113555,27.6985161
Randi,Falconbridge,9:46 PM,48.43349,-4.5585849
Ailis,Huby,12:33 AM,43.0318353,52.2239735
Jessamyn,Milsap,1:53 PM,45.5322977,-2.583333
Barry,Mathevon,10:54 PM,39.9880319,-10.4966636
Darb,Jillard,6:50 AM,45.7782243,6.6486989
Stanford,Clemendet,8:48 AM,4.9564022,49.243003
Jenny,Tinner,5:03 PM,35.4693091,15.7326916
Odelia,Poolton,8:36 AM,41.2007787,-8.25944
Pincas,Reily,9:20 PM,28.201931,41.7737809
Salmon,Hendriksen,4:00 AM,54.3843215,31.53537
Dorette,Arstingall,11:34 AM,56.6175886,41.3469244
Maggy,Rakestraw,12:44 AM,5.3523231,-7.6426348
Giustino,Poate,7:32 AM,12.8603014,40.9765733
Tamera,Norgate,3:20 PM,-7.5651443,41.107107
Ermina,Golding,12:57 AM,32.8771669,47.173426
Dietrich,Hanscom,12:50 PM,-12.1349328,30.4333333
Warner,Trundler,6:45 PM,-8.0030329,-7.0031703
Far,Erik,3:26 AM,13.3888199,50.9468692
Dukie,Dallender,10:32 AM,40.912921,14.5020933
Bryan,Manjin,4:56 AM,18.4670158,19.9034294
Antonella,Hardi,7:18 PM,51.725198,39.1714266
Linea,Halliwell,12:03 PM,21.660935,13.9483457
Martha,Gerin,12:26 AM,-8.817396,-23.4429961
Stanton,Agott,10:28 AM,36.7757374,37.2610694
Cary,Oseman,10:13 PM,5.6614718,46.22652
Dougie,Chapellow,2:13 PM,-13.796667,14.573997
Gus,Brymham,6:32 AM,38.8965627,-8.1669161
Franklyn,Linley,12:22 PM,31.438589,-23.5893189
Stirling,Peasgood,5:09 PM,46.614358,49.1879411
Alanson,Casiroli,5:10 PM,-23.2251621,43.9576632
Deny,Victor,5:41 PM,32.399108,-7.6656142
Roddie,Calverd,6:18 PM,56.1114024,-6.9070543
Carce,Bard,3:37 AM,-6.2335134,-27.284815
Louie,D'Aguanno,7:21 PM,58.6050084,50.1191124
Almeda,Janek,8:29 AM,48.316667,30.5765383
Kristi,Gagie,4:51 PM,51.5116933,42.6193237
Launce,Guyon,11:05 AM,24.8287095,42.2531168
Harrie,Rawlcliffe,11:33 PM,-11.8887963,37.3
Justus,Worwood,1:39 PM,45.3081724,45.08338
Cati,Dalgarnocht,10:20 PM,38.34185,13.5616918
Hershel,Castano,2:51 PM,52.3175333,3.9671435
Colin,Panichelli,6:36 AM,38.6502909,50.023333
Robinson,Laybourn,11:29 AM,28.165293,51.2092169
Bev,Briars,8:15 AM,32.276495,55.7479383
Peri,MacAlester,10:01 PM,58.6701908,8.0693651
Lorry,Foulcher,7:13 AM,32.645622,21.31
Fay,Belcham,8:47 PM,12.3714277,-30.2355009
Uriel,Binford,1:02 AM,14.6592829,-20.2307033
Cletis,De Meis,3:04 AM,30.27,-7.3552614
Madella,Letten,9:46 AM,7.7247058,-6.8845063
Patrick,Huxley,3:52 PM,50.0843138,52.20775
Enid,Pharoah,4:43 PM,-8.237963,49.9114346
Debera,Kindell,5:48 AM,24.2442046,15.1786657
Clayborne,Hamblyn,9:31 AM,19.4052965,55.6665482
Mar,Pierrepoint,3:10 AM,19.6632775,57.731461
Carmella,Agates,1:39 AM,43.7616313,-23.8182859
Neille,Riche,2:01 PM,41.103983,34.393136
Kristina,Palek,3:50 PM,-26.095133,32.86593
Arvy,Gaze,8:09 AM,50.2689038,38.94081
Brew,Nance,12:02 PM,6.658614,-7.6275173
Reta,Houldey,1:34 PM,4.3378413,-3.3419323
Meara,Martello,2:29 AM,4.5475154,41.6543565
Alyosha,Rude,9:56 PM,63.8536621,-8.8474131
Babara,McDermot,2:02 PM,25.606486,30.699176
Marthe,Robison,11:55 PM,-8.6223922,42.901533
Rafi,Halewood,9:41 AM,44.9764185,-23.0432476
Cly,Hickenbottom,3:34 AM,50.1617318,42.0384767
Clayborne,Bachman,8:43 AM,43.0444596,4.524233
Alphonso,Mackrill,4:43 AM,26.337937,43.331546
Juanita,Ditchburn,1:00 PM,24.9640371,55.9588361
Breanne,Wilderspoon,9:00 AM,13.7172042,35.40611
Shellie,Angeli,8:33 AM,-31.3854988,37.5615702
Coop,Smittoune,1:18 AM,-7.1186612,38.1748383
Cordy,Barens,1:24 PM,38.3275514,6.6635241
Erica,Voase,1:57 PM,-6.4178271,19.6419585
Xylina,Chicco,3:19 AM,7.1000051,4.4339677
Carmencita,Scanlan,4:35 PM,32.3266,-7.2157251
Nicolai,Gurr,2:28 AM,7.7299001,18.3983133
Correy,Bolingbroke,12:51 AM,35.877092,36.1857974
Marta,Glinde,10:11 PM,12.8603014,34.8438311
Charissa,Large,3:53 PM,10.1834676,19.543266
Jethro,Thornham,3:40 PM,56.07458,-31.3961762
Kala,Elsby,4:45 PM,35.3740182,49.8753
Myrtle,Bontoft,8:54 AM,14.5655554,43.3022775
Oberon,Lamps,5:02 AM,50.06739,40.9981633
Kanya,Eate,2:22 AM,10.4009358,43.4829443
Massimo,Pighills,6:44 PM,44.7416079,38.0790354
Mirna,Stewartson,4:41 PM,31.17959,40.4889794
Marijn,Peer,7:35 PM,25.606486,10.4312095
Cristionna,Boncore,3:58 AM,55.9255289,-31.4393481
Kerri,Perch,1:45 PM,-2.4431287,44.0519136
Tirrell,Boas,10:53 PM,58.3721026,36.9853085
Ferrel,Jago,4:20 AM,35.6238725,58.4050087
Rudolph,Frid,2:42 AM,56.0161995,54.4413138
Eadmund,Tenwick,12:02 AM,52.0720997,-8.2831649
Marc,Gomer,4:43 PM,26.567944,22.75839
Hashim,Karlicek,11:46 PM,9.600306,6.9504703
Adolphus,Alyokhin,6:24 AM,53.2107303,41.5332101
Andrey,Brevetor,2:13 PM,30.5211502,-1.7232202
Angeline,Robson,3:00 AM,41.4266886,43.704612
Esteban,Thebeaud,11:41 PM,26.141854,48.7579712
Bruno,Champagne,12:20 AM,9.8243487,47.015529
Julieta,Goschalk,4:37 AM,37.856971,40.076762
Kali,Eric,1:25 AM,-1.5200027,-15.2192781
Rebe,Bergstrand,1:17 AM,60.5201867,-18.841761
Ernst,Giggie,1:51 AM,-5.1942574,17.3378289
Isidore,Telezhkin,12:44 AM,18.298167,-6.9815383
Gael,Samweyes,11:26 PM,26.885704,28.846966
Zorina,Tippett,2:32 AM,37.9656089,45.8697083
Addy,Doerr,8:57 PM,34.0536548,20.8861904
Rosalinda,MacAllan,3:15 AM,45.70734,38.6966741
Victoria,Playdon,9:14 PM,32.667571,-8.7377882
Lynsey,Marchbank,2:26 AM,22.825065,1.3229337
Jaquelyn,Docwra,5:16 AM,-7.337694,34.38528
Marieann,Ambrogiotti,2:05 AM,14.563755,50.4800637
Trefor,Braben,6:45 AM,35.0098555,31.348795
Rudolph,Bullick,5:37 AM,56.5023602,38.430793
Janeva,Shelton,10:17 PM,54.7993525,25.917098
Allianora,Burrell,7:56 PM,-10.5398609,-36.9532166
Dev,Twigg,5:54 AM,-19.7270406,59.1639426
Rachelle,Cornall,11:48 PM,-26.9655922,-6.7757862
Lynnet,Cunniffe,11:36 PM,14.5700525,37.189822
Felicia,Caplin,6:27 PM,9.8240004,12.5050457
Lock,Nial,4:42 PM,54.1440921,51.7888924
Winston,Jolliff,10:33 PM,28.0154753,52.78747
Junette,Goudge,6:47 PM,13.2375414,49.5471943
Nomi,Birkby,1:10 PM,26.4486465,30.918919
Levin,Stanesby,10:23 AM,60.2653316,3.2907122
Bernette,Prentice,2:30 PM,26.0799319,40.2115069
Osgood,McPhillimey,4:14 PM,46.6794431,-1.0706976
Devonne,Woodwing,1:25 AM,48.5116663,-31.2657738
Heall,Hurich,5:01 AM,39.928353,2.7239834
Koenraad,Faust,4:03 PM,38.6390583,-34.5261401
Giorgia,Chester,9:17 PM,54.2048528,49.199757
Shelton,Raddish,4:20 AM,4.3329129,54.0278591
Dionis,Merrifield,11:39 PM,13.71216,60.6065466
Gay,Tracey,3:09 AM,51.5487433,34.99204
Krissie,Hancock,5:29 PM,47.2174874,-8.1916
Ida,Beaby,4:15 AM,47.8863988,-12.0463731
Farleigh,Zanetti,10:07 AM,-6.2360264,44.7695326
Meta,Kenton,12:26 AM,27.826866,32.990664
Sheffy,McGrale,5:05 AM,43.4945737,59.2074845
Welbie,Troup,5:07 AM,29.718419,11.1179302
Blinni,Woodland,3:48 PM,50.1922582,8.0566664
Kristofer,Rickwood,12:57 PM,-14.4760253,5.1443561
Tedda,Furst,7:12 AM,47.98257,33.347316
Parker,Pumphrey,2:48 AM,-7.71725,46.8435126
Noland,Rackam,5:03 AM,37.9381943,30.972043
Andre,Muskett,2:14 PM,27.4456115,-7.2966
Corby,Minear,7:43 AM,-8.1788865,-5.75
Mischa,Minchinton,5:35 AM,47.5619629,52.1951226
Oliver,Radwell,8:55 PM,52.83797,29.708692
Konstantine,Aberkirdo,5:12 AM,63.4251464,34.527114
Constantia,Kershaw,5:49 PM,-6.5864219,23.1451405
Christy,Burlingame,3:28 AM,8.4286368,51.630114
Ken,Tough,8:24 PM,27.9961123,53.936
Rosetta,Podbury,2:27 PM,56.9568013,39.912288
Pascal,Waddy,8:48 PM,-15.3875259,9.0707553
Florinda,Vitler,1:19 AM,61.8342207,29.625298
Kerstin,Wieprecht,10:35 AM,55.536259,39.4158155
Miranda,Menco,3:54 PM,69.4269147,21.270702
Jehanna,McJarrow,6:00 PM,-10.249091,59.9381414
Eldin,Litherborough,8:47 PM,47.3842312,28.782431
Ax,Kirman,12:29 AM,4.870121,46.9684329
Wilhelm,Boniface,5:44 PM,31.23285,8.2101114
Neill,Philips,10:41 PM,19.789147,39.7034754
Crin,Sirl,6:28 PM,11.8478074,48.2920787
Domeniga,Siggins,6:12 AM,51.8370136,43.330734
Weston,Proffer,3:34 PM,32.023273,-6.9069547
Kristan,Shobbrook,7:15 PM,55.650711,-1.877183
Freddy,Cardenas,9:58 AM,23.124093,41.985186
